price,sqft,bedrooms,bathrooms,zipcode,year_built
250000,1800,3,2,02139,1995
375000,2500,4,3,94016,2008
500000,3200,5,3,10001,1988
450000,2800,4,2,02139,2000
640000,3200,2,1,20001,1987
745000,1900,3,4,94016,2013
410000,1400,4,3,02139,1971
645000,1800,3,3,94103,1971
665000,1800,5,4,20001,2004
450000,1900,4,3,75201,1970
665000,3400,4,2,75201,1979
1030000,4200,6,2,94016,1975
530000,1500,3,2,94103,1986
895000,3500,4,3,94016,1994
885000,2900,3,4,94103,1993
515000,1800,5,1,02139,2012
690000,3600,3,1,60614,1976
645000,2000,4,4,98101,1980
645000,2300,3,4,75201,2014
790000,3200,2,3,90012,1980
720000,3500,3,2,33101,1994
905000,4100,5,4,85001,1984
550000,2200,6,1,60614,1972
555000,2400,3,1,60614,2006
555000,1800,5,3,30301,2011
500000,1600,3,2,60614,2017
890000,2900,3,4,94103,1997
760000,2400,3,2,10001,2002
620000,1400,6,1,94016,1979
550000,1700,6,4,30301,2008
630000,2400,4,3,33101,2003
785000,2900,6,1,90012,2016
795000,3300,4,2,90012,1991
495000,2100,4,2,33101,1970
650000,2800,6,2,85001,1976
605000,2100,6,4,85001,2008
430000,1600,3,2,85001,2019
865000,4100,2,3,98101,2001
385000,1500,3,2,60614,1973
985000,4000,4,1,94016,2016
955000,3800,2,3,10001,1978
655000,2700,4,2,75201,2003
655000,2500,3,3,20001,2014
875000,3400,3,3,90012,2011
765000,2600,4,3,94016,1985
540000,1400,3,1,94103,2005
825000,3000,3,1,94016,2015
340000,1300,3,1,02139,1991
720000,2800,3,2,90012,2001
895000,2900,3,4,94103,2006
510000,1900,6,3,30301,1982
605000,1500,5,3,98101,1997
815000,2600,6,4,02139,2013
600000,3200,2,1,30301,2016
775000,3700,6,1,60614,1982
595000,2900,4,2,30301,1981
550000,2600,3,1,33101,2005
450000,1300,5,3,02139,1975
510000,1700,4,3,33101,1983
695000,4000,2,2,30301,1970
620000,2000,6,3,75201,1997
920000,3300,5,3,10001,1982
500000,1800,2,3,20001,2004
750000,3500,3,1,02139,2007
885000,2800,6,3,10001,1973
625000,1400,6,2,94016,2008
740000,3300,6,2,30301,1977
550000,1900,4,3,02139,2009
830000,2500,5,3,94103,2003
940000,4100,3,2,90012,2015
745000,1900,3,3,10001,2012
660000,2100,4,2,94016,1970
810000,3100,4,1,94016,2004
645000,2800,3,2,98101,1974
565000,2300,3,2,33101,2004
755000,3100,6,4,85001,1970
845000,3800,4,2,90012,1976
480000,2000,2,1,20001,2005
565000,2000,3,3,60614,2015
595000,1800,5,4,75201,2002
730000,2000,6,1,94016,2010
720000,3800,3,1,02139,1991
760000,3200,3,2,20001,1998
720000,3400,4,3,02139,1977
790000,4200,5,2,85001,1972
570000,3000,4,2,30301,1978
585000,2100,3,1,98101,1983
635000,1900,5,1,98101,2019
1070000,4000,6,3,94103,2017
945000,4100,3,2,10001,1996
480000,1700,5,2,30301,2012
670000,2000,3,4,94016,1994
835000,3900,4,2,60614,1999
610000,2100,6,2,60614,1971
425000,1800,4,2,75201,1974
640000,2300,5,3,30301,2013
450000,2200,2,1,75201,1981
980000,4200,3,1,94016,2008
605000,2300,5,2,30301,2008
445000,1500,4,3,60614,1986
